idol,idiom
相川千夏,望努洗練
愛野渚,一本集中
相葉夕美,花笑好日
相原雪乃,佳日紅茶
赤城みりあ,天真爛漫
赤西瑛梨華,罰窮雲☆
浅野風香,意到筆随
浅利七海,御魚天国
アナスタシア,星影霜夜
安部菜々,兎民星姫
綾瀬穂乃香,緑猫大好
荒木比奈,完全脱稿
有浦柑奈,世界平和
安斎都,謎解探偵
イヴ・サンタクロース,基督弥撒
五十嵐響子,世話焼娘
池袋晶葉,最高傑作
伊集院惠,流離浪漫
一ノ瀬志希,香気芬芬
市原仁奈,御是恵升
今井加奈,几帳探究
井村雪菜,淡粧濃抹
上田鈴帆,物我一体
氏家むつみ,勇往邁進
梅木音葉,高山流水
江上椿,瞬間一写
衛藤美紗希,女子力命
海老原菜帆,付如不破
及川雫,牛突猛進
大石泉,理想実装
太田優,唯一愛犬
大槻唯,唯我湧湧
大西由里子,左右可逆
大沼くるみ,頑張泣虫
大原みちる,一心麺麭
岡崎泰葉,初志貫徹
緒方智絵里,白詰白兎
奥山沙織,純真無垢
乙倉悠貴,走思爽愛
片桐早苗,法令遵酒
上条春菜,眼鏡道祖
神谷奈緒,虹色掛橋
川島瑞樹,完全理解
神崎蘭子,堕天降臨
岸部彩華,盛盛蝶々
北川真尋,一走懸命
喜多日菜子,昼想夜夢
喜多見柚,柚柚自適
木場真奈美,精煉超人
木村夏樹,六絃一撥
キャシー・グラハム,下町人情
桐野アヤ,鍛体闘魂
桐生つかさ,相乗効果
日下部若葉,成人君子
工藤忍,努力必輝
クラリス,祝福聖女
栗原ネネ,健康第一
黒川千秋,高潔無比
黒埼ちとせ,紅口白牙
ケイト,文化交歓
古賀小春,小御姫様
輿水幸子,一番可愛
小関麗奈,世界征服
小早川紗枝,雪月風花
小日向美穂,日向微睡
小松伊吹,踊乙女心
小室千奈美,確立美学
西園寺琴歌,張切令嬢
財前時子,生殺与奪
斉藤洋子,健康美人
冴島清美,超☆風紀
榊原里美,巨億蜂蜜
鷺沢文香,梧前灯下
佐久間まゆ,運命共同
櫻井桃華,櫻梅桃李
佐々木千枝,品行縫製
佐城雪美,以心伝心
佐藤心,守我覇痕
沢田麻理菜,乗風破浪
椎名法子,幸福◎形
塩見周子,蒼星暁風
篠原礼,愛者何也
渋谷凛,威風凛凛
島村卯月,笑顔満開
首藤葵,真心女将
城ヶ崎美嘉,嘉美我流
城ヶ崎莉嘉,嘉莉須磨
白菊ほたる,転禍為福
白坂小梅,魑魅魍魎
白雪千夜,御嬢様命
杉坂海,海濶天空
涼宮星花,楚々清音
砂塚あきら,#神照準
関裕美,手作微笑
瀬名詩織,碧海揺波
仙崎恵磨,声魂轟音
相馬夏美,晴空志高
高垣楓,透翠盟汀
高橋礼子,妍姿艶質
鷹富士茄子,開運招福
高峯のあ,電脳方舟
高森藍子,散歩日和
多田李衣菜,露訓狼流
橘ありす,苺日満橘
月宮雅,母雅一番
辻野あかり,山形林檎
土屋亜子,一粒億倍
東郷あい,高雅信念
道明寺歌鈴,七転八起
十時愛梨,甘露豊愛
長富蓮実,清純偶像
中野有香,正拳乙女
ナターリア,踊心熱歌
並木芽衣子,諸国漫遊
成宮由愛,夢想彩描
南条光,英雄燦然
難波笑美,抱腹絶倒
西川保奈美,歌姫志向
西島櫂,星空遊泳
新田美波,才色兼備
二宮飛鳥,存在証明
丹羽仁美,華舞姫魂
野々村そら,幸福挑戦
服部瞳子,不撓不屈
浜川愛結奈,一騎当千
浜口あやめ,偶像忍道
早坂美玲,我道爪開
速水奏,月傍接吻
原田美世,機関全開
柊志乃,芳醇悠然
久川凪,即日入居
久川颯,颯爽快進
日野茜,爆熱最強
姫川友紀,一響入魂
兵藤レナ,乾坤一擲
福山舞,一舞看板
藤居朋,占運導路
藤本里奈,亜解歩夜
藤原肇,大器万盛
双葉杏,不労所得
古澤頼子,美盗心奪
ヘレン,世界水準
北条加蓮,薄荷輝煌
星輝子,灼熱毒茸
堀裕子,超能開花
本田未央,縁結輝星
前川みく,猫猫娘娘
槙原志保,完璧甘味
松尾千鶴,心正筆正
松永涼,熱魂烈歌
松原早耶,可愛探求
松本沙理奈,背躯肢威
松山久美子,日美鍵鑽
的場梨沙,花色凛然
間中美里,浮羽里旅
真鍋いつき,美容指導
水木聖來,意気踊踊
水野翠,正射必中
水本ゆかり,詩歌管弦
三船美優,行雲流水
三村かな子,甘甘大好
宮本フレデリカ,知舞譜麗
三好紗南,一秒百連
向井拓海,煙炎頂天
棟方愛海,登頂宿願
村上巴,仁義道徳
村松さくら,桜花爛漫
メアリー・コクラン,舶来美女
持田亜里沙,優歌包愛
望月聖,聖歌救世
桃井あずき,荅大作戦
森久保乃々,也瑠久保
諸星きらり,汝輪如我
楊菲菲,菲菲多与
八神マキノ,諜報活動
矢口美羽,笑話壱番
柳清良,情愛看護
柳瀬美由紀,蟹味満点
大和亜季,標的捕捉
結城晴,疾風蹴登
遊佐こずえ,夢現胡蝶
夢見りあむ,承認欲求
横山千佳,魔法少女
吉岡沙紀,藝華爛彩
依田芳乃,武謳鶯王
ライラ,嗚呼亜呵
龍崎薫,燦燦日廻
若林智香,星援跳舞
脇山珠美,剣心一如
和久井留美,良縁成就